./data/audio/acoustic_guitar_violin/8zotbsDK62Q.mp3,./data/frames/acoustic_guitar_violin/8zotbsDK62Q.mp4,1460
./data/audio/accordion/cFskXS823Kk.mp3,./data/frames/accordion/cFskXS823Kk.mp4,1073
./data/audio/tuba/LKMBOuDkEqo.mp3,./data/frames/tuba/LKMBOuDkEqo.mp4,295
./data/audio/cello/EvBzKBdfZxA.mp3,./data/frames/cello/EvBzKBdfZxA.mp4,490
./data/audio/acoustic_guitar_violin/G-25ZOVbGTE.mp3,./data/frames/acoustic_guitar_violin/G-25ZOVbGTE.mp4,1444
./data/audio/xylophone_acoustic_guitar/vBgwzJYJ5yk.mp3,./data/frames/xylophone_acoustic_guitar/vBgwzJYJ5yk.mp4,2900
./data/audio/saxophone/lDCeAgGUwyc.mp3,./data/frames/saxophone/lDCeAgGUwyc.mp4,1529
./data/audio/cello/QeravklOaAg.mp3,./data/frames/cello/QeravklOaAg.mp4,1819
./data/audio/saxophone_acoustic_guitar/lTu6hayHl5k.mp3,./data/frames/saxophone_acoustic_guitar/lTu6hayHl5k.mp4,1848
./data/audio/acoustic_guitar/7zrsesZWrhc.mp3,./data/frames/acoustic_guitar/7zrsesZWrhc.mp4,1861
./data/audio/saxophone/iEOdwzdXmfE.mp3,./data/frames/saxophone/iEOdwzdXmfE.mp4,707
./data/audio/clarinet/IZx6ZXWuOGY.mp3,./data/frames/clarinet/IZx6ZXWuOGY.mp4,957
./data/audio/cello/-_-TDDxoaAc.mp3,./data/frames/cello/-_-TDDxoaAc.mp4,1735
./data/audio/accordion/2gyrqiqTuiM.mp3,./data/frames/accordion/2gyrqiqTuiM.mp4,1671
./data/audio/cello/97UEABGyyw8.mp3,./data/frames/cello/97UEABGyyw8.mp4,1016
./data/audio/cello/IcV9yqQOqkw.mp3,./data/frames/cello/IcV9yqQOqkw.mp4,840
./data/audio/acoustic_guitar/S2IWw6z-cfc.mp3,./data/frames/acoustic_guitar/S2IWw6z-cfc.mp4,1635
./data/audio/flute_trumpet/gfkfwnOFybM.mp3,./data/frames/flute_trumpet/gfkfwnOFybM.mp4,367
./data/audio/saxophone/QOYMhOXfGMw.mp3,./data/frames/saxophone/QOYMhOXfGMw.mp4,1505
./data/audio/flute/f1a-JF06840.mp3,./data/frames/flute/f1a-JF06840.mp4,1305
./data/audio/clarinet_acoustic_guitar/dhWU1tU1HbY.mp3,./data/frames/clarinet_acoustic_guitar/dhWU1tU1HbY.mp4,700
./data/audio/clarinet/ZYMb7ZJkJgc.mp3,./data/frames/clarinet/ZYMb7ZJkJgc.mp4,1070
./data/audio/saxophone/EIpvnh0otts.mp3,./data/frames/saxophone/EIpvnh0otts.mp4,1204
./data/audio/xylophone/OZDN7VkC6AY.mp3,./data/frames/xylophone/OZDN7VkC6AY.mp4,1403
./data/audio/xylophone_flute/whkxXZq4bKg.mp3,./data/frames/xylophone_flute/whkxXZq4bKg.mp4,1116
./data/audio/xylophone/lJfi82vd9eI.mp3,./data/frames/xylophone/lJfi82vd9eI.mp4,1872
./data/audio/accordion/ADxyFxpe1ls.mp3,./data/frames/accordion/ADxyFxpe1ls.mp4,1730
./data/audio/accordion/1LnKd5cuqIc.mp3,./data/frames/accordion/1LnKd5cuqIc.mp4,1243
./data/audio/xylophone/c-Yr5qyCefA.mp3,./data/frames/xylophone/c-Yr5qyCefA.mp4,1222
./data/audio/cello_acoustic_guitar/bLjS6E6c0IA.mp3,./data/frames/cello_acoustic_guitar/bLjS6E6c0IA.mp4,1517
./data/audio/cello_acoustic_guitar/PlKCXvBDxaI.mp3,./data/frames/cello_acoustic_guitar/PlKCXvBDxaI.mp4,625
./data/audio/erhu/C7K9dQHlViM.mp3,./data/frames/erhu/C7K9dQHlViM.mp4,1131
./data/audio/cello_acoustic_guitar/HnUOaSfTA6c.mp3,./data/frames/cello_acoustic_guitar/HnUOaSfTA6c.mp4,2094
./data/audio/cello_acoustic_guitar/kotc5pssmt8.mp3,./data/frames/cello_acoustic_guitar/kotc5pssmt8.mp4,4917
./data/audio/acoustic_guitar/MJmVYLWPnCI.mp3,./data/frames/acoustic_guitar/MJmVYLWPnCI.mp4,625
./data/audio/tuba/8YNdpTm2vsc.mp3,./data/frames/tuba/8YNdpTm2vsc.mp4,1890
./data/audio/accordion/QaOUijKCqZU.mp3,./data/frames/accordion/QaOUijKCqZU.mp4,963
./data/audio/clarinet/GKwO7cy2JIA.mp3,./data/frames/clarinet/GKwO7cy2JIA.mp4,1082
./data/audio/acoustic_guitar/HaX5E66eW24.mp3,./data/frames/acoustic_guitar/HaX5E66eW24.mp4,1282
./data/audio/tuba/N3nwDmWvsF4.mp3,./data/frames/tuba/N3nwDmWvsF4.mp4,1771
./data/audio/cello/19CdPaHrVPQ.mp3,./data/frames/cello/19CdPaHrVPQ.mp4,1473
./data/audio/accordion/Dcp8AuzTG-w.mp3,./data/frames/accordion/Dcp8AuzTG-w.mp4,1246
./data/audio/acoustic_guitar_violin/1uG4jnhHgAc.mp3,./data/frames/acoustic_guitar_violin/1uG4jnhHgAc.mp4,2196
./data/audio/xylophone_flute/bBCBMV7K-YA.mp3,./data/frames/xylophone_flute/bBCBMV7K-YA.mp4,3155
./data/audio/flute/9L4BvIDqhm8.mp3,./data/frames/flute/9L4BvIDqhm8.mp4,846
./data/audio/flute_violin/r29WR4uOf9k.mp3,./data/frames/flute_violin/r29WR4uOf9k.mp4,4456
./data/audio/saxophone/fH4pDr8CqI8.mp3,./data/frames/saxophone/fH4pDr8CqI8.mp4,1172
./data/audio/acoustic_guitar_violin/LHO49Q572F4.mp3,./data/frames/acoustic_guitar_violin/LHO49Q572F4.mp4,1743
./data/audio/cello/B22eZY1PESY.mp3,./data/frames/cello/B22eZY1PESY.mp4,1642
./data/audio/flute/uJnD0NCyJoc.mp3,./data/frames/flute/uJnD0NCyJoc.mp4,1677
./data/audio/flute_violin/kGAREuYVNDY.mp3,./data/frames/flute_violin/kGAREuYVNDY.mp4,1512
./data/audio/accordion/YhwsPeOGnGg.mp3,./data/frames/accordion/YhwsPeOGnGg.mp4,933
./data/audio/tuba/73ikMuXwKgc.mp3,./data/frames/tuba/73ikMuXwKgc.mp4,280
./data/audio/acoustic_guitar/5UZF3bGoZpM.mp3,./data/frames/acoustic_guitar/5UZF3bGoZpM.mp4,1681
./data/audio/trumpet/TaII-y9-5Iw.mp3,./data/frames/trumpet/TaII-y9-5Iw.mp4,789
./data/audio/trumpet/U2NMdF5yzdE.mp3,./data/frames/trumpet/U2NMdF5yzdE.mp4,468
./data/audio/acoustic_guitar/IPsA3sz934M.mp3,./data/frames/acoustic_guitar/IPsA3sz934M.mp4,1530
./data/audio/cello/YmKMEpt9OjQ.mp3,./data/frames/cello/YmKMEpt9OjQ.mp4,1670
./data/audio/acoustic_guitar_violin/UlZXQqfwhI4.mp3,./data/frames/acoustic_guitar_violin/UlZXQqfwhI4.mp4,2729
./data/audio/cello/U2s_4d0ZLT8.mp3,./data/frames/cello/U2s_4d0ZLT8.mp4,1481
./data/audio/erhu/XvnFhocZ6qM.mp3,./data/frames/erhu/XvnFhocZ6qM.mp4,1696
./data/audio/acoustic_guitar_violin/xkjj-wqj_5M.mp3,./data/frames/acoustic_guitar_violin/xkjj-wqj_5M.mp4,1973
./data/audio/acoustic_guitar_violin/Fif2-OjH-8A.mp3,./data/frames/acoustic_guitar_violin/Fif2-OjH-8A.mp4,1208
./data/audio/tuba/Gufj4Jhk92I.mp3,./data/frames/tuba/Gufj4Jhk92I.mp4,531
./data/audio/xylophone_acoustic_guitar/GIB4tnBSWtg.mp3,./data/frames/xylophone_acoustic_guitar/GIB4tnBSWtg.mp4,384
./data/audio/acoustic_guitar_violin/yoCJxgwzJy0.mp3,./data/frames/acoustic_guitar_violin/yoCJxgwzJy0.mp4,2449
./data/audio/acoustic_guitar_violin/8GsWxA7kalQ.mp3,./data/frames/acoustic_guitar_violin/8GsWxA7kalQ.mp4,2732
./data/audio/erhu/AlYZ7nWkzcQ.mp3,./data/frames/erhu/AlYZ7nWkzcQ.mp4,342
./data/audio/tuba/GSol2w0QnJE.mp3,./data/frames/tuba/GSol2w0QnJE.mp4,462
./data/audio/flute_violin/8DHG_hVSw1o.mp3,./data/frames/flute_violin/8DHG_hVSw1o.mp4,1373
./data/audio/acoustic_guitar_violin/TSktVYy2820.mp3,./data/frames/acoustic_guitar_violin/TSktVYy2820.mp4,2005
./data/audio/saxophone_acoustic_guitar/G_rINXF-bzg.mp3,./data/frames/saxophone_acoustic_guitar/G_rINXF-bzg.mp4,3371
./data/audio/flute/E7E1kMExVcg.mp3,./data/frames/flute/E7E1kMExVcg.mp4,746
./data/audio/erhu/DlqCn_xrNRU.mp3,./data/frames/erhu/DlqCn_xrNRU.mp4,794
./data/audio/clarinet/_O1mTqCSo6E.mp3,./data/frames/clarinet/_O1mTqCSo6E.mp4,932
./data/audio/accordion/OnT8HuJuuIA.mp3,./data/frames/accordion/OnT8HuJuuIA.mp4,844
./data/audio/clarinet/aZjtE82spMA.mp3,./data/frames/clarinet/aZjtE82spMA.mp4,421
./data/audio/erhu/3n-vlswrQYM.mp3,./data/frames/erhu/3n-vlswrQYM.mp4,321
./data/audio/tuba/ALMOnRonTPM.mp3,./data/frames/tuba/ALMOnRonTPM.mp4,195
./data/audio/violin/pWGLb57zbz8.mp3,./data/frames/violin/pWGLb57zbz8.mp4,1176
./data/audio/clarinet/D6YQ6WwWZrk.mp3,./data/frames/clarinet/D6YQ6WwWZrk.mp4,686
./data/audio/tuba/1rcU3mH1VVA.mp3,./data/frames/tuba/1rcU3mH1VVA.mp4,669
./data/audio/acoustic_guitar/86hnEemgPPw.mp3,./data/frames/acoustic_guitar/86hnEemgPPw.mp4,1696
./data/audio/violin/H-j5lp2QjEE.mp3,./data/frames/violin/H-j5lp2QjEE.mp4,829
./data/audio/xylophone_flute/kQZJh5Clq_s.mp3,./data/frames/xylophone_flute/kQZJh5Clq_s.mp4,1012
./data/audio/cello/Mh2tJbJiWQQ.mp3,./data/frames/cello/Mh2tJbJiWQQ.mp4,1471
./data/audio/saxophone_acoustic_guitar/-ryG2g4d6Qc.mp3,./data/frames/saxophone_acoustic_guitar/-ryG2g4d6Qc.mp4,2337
./data/audio/trumpet/2V12S02E2Jc.mp3,./data/frames/trumpet/2V12S02E2Jc.mp4,636
./data/audio/erhu/-e5DuAUwBgA.mp3,./data/frames/erhu/-e5DuAUwBgA.mp4,829
./data/audio/saxophone/e5YNEk9Ye-o.mp3,./data/frames/saxophone/e5YNEk9Ye-o.mp4,530
./data/audio/tuba/4lVuJEIaXgo.mp3,./data/frames/tuba/4lVuJEIaXgo.mp4,488
./data/audio/erhu/CtrTfd8foxA.mp3,./data/frames/erhu/CtrTfd8foxA.mp4,452
./data/audio/xylophone/0o22Fy2Hr3s.mp3,./data/frames/xylophone/0o22Fy2Hr3s.mp4,1817
./data/audio/violin/X2hHGcwLPhs.mp3,./data/frames/violin/X2hHGcwLPhs.mp4,732
./data/audio/saxophone_acoustic_guitar/cNLX70EhWtg.mp3,./data/frames/saxophone_acoustic_guitar/cNLX70EhWtg.mp4,1785
./data/audio/flute/B0xFpw9qvD4.mp3,./data/frames/flute/B0xFpw9qvD4.mp4,656
./data/audio/cello/MvkJvZSOmjY.mp3,./data/frames/cello/MvkJvZSOmjY.mp4,365
./data/audio/xylophone/9fOU26yd0Pw.mp3,./data/frames/xylophone/9fOU26yd0Pw.mp4,768
./data/audio/clarinet_acoustic_guitar/JmQ1C-cwiuY.mp3,./data/frames/clarinet_acoustic_guitar/JmQ1C-cwiuY.mp4,1387
./data/audio/trumpet/wEF6fWnx_wY.mp3,./data/frames/trumpet/wEF6fWnx_wY.mp4,701
./data/audio/accordion/CgCMBFcifVE.mp3,./data/frames/accordion/CgCMBFcifVE.mp4,1464
./data/audio/violin/ICKS19qRRd4.mp3,./data/frames/violin/ICKS19qRRd4.mp4,1003
./data/audio/saxophone_acoustic_guitar/FAssLqBK2ZA.mp3,./data/frames/saxophone_acoustic_guitar/FAssLqBK2ZA.mp4,2092
./data/audio/xylophone_acoustic_guitar/0EMNATwzLA4.mp3,./data/frames/xylophone_acoustic_guitar/0EMNATwzLA4.mp4,3121
./data/audio/clarinet/aTYc-hHt4us.mp3,./data/frames/clarinet/aTYc-hHt4us.mp4,826
./data/audio/accordion/oOCHF3GgKLs.mp3,./data/frames/accordion/oOCHF3GgKLs.mp4,1425
./data/audio/tuba/KrlDeCWv9ak.mp3,./data/frames/tuba/KrlDeCWv9ak.mp4,1457
./data/audio/cello_acoustic_guitar/mjL-XSxiu5k.mp3,./data/frames/cello_acoustic_guitar/mjL-XSxiu5k.mp4,1920
./data/audio/erhu/8rb-thew50c.mp3,./data/frames/erhu/8rb-thew50c.mp4,638
./data/audio/clarinet_acoustic_guitar/J58EcMaJsS8.mp3,./data/frames/clarinet_acoustic_guitar/J58EcMaJsS8.mp4,545
./data/audio/saxophone_acoustic_guitar/DK6cSN_7lwk.mp3,./data/frames/saxophone_acoustic_guitar/DK6cSN_7lwk.mp4,549
./data/audio/violin/bapfkDpaSGw.mp3,./data/frames/violin/bapfkDpaSGw.mp4,874
./data/audio/xylophone_acoustic_guitar/fXjfvEcAV6w.mp3,./data/frames/xylophone_acoustic_guitar/fXjfvEcAV6w.mp4,8547
./data/audio/violin/TOLoplXKr7U.mp3,./data/frames/violin/TOLoplXKr7U.mp4,1091
./data/audio/acoustic_guitar_violin/kD4X8FmGlC4.mp3,./data/frames/acoustic_guitar_violin/kD4X8FmGlC4.mp4,1390
./data/audio/saxophone_acoustic_guitar/WdwN5-JrU7I.mp3,./data/frames/saxophone_acoustic_guitar/WdwN5-JrU7I.mp4,1552
./data/audio/clarinet/5HNlS9UFELE.mp3,./data/frames/clarinet/5HNlS9UFELE.mp4,349
./data/audio/xylophone/JkhKTTB0YB8.mp3,./data/frames/xylophone/JkhKTTB0YB8.mp4,273
./data/audio/tuba/VA1EolcDwZI.mp3,./data/frames/tuba/VA1EolcDwZI.mp4,632
./data/audio/xylophone/2kBkI6f1X_s.mp3,./data/frames/xylophone/2kBkI6f1X_s.mp4,782
./data/audio/accordion/s1hBC8N4-Zo.mp3,./data/frames/accordion/s1hBC8N4-Zo.mp4,1227
./data/audio/cello/Rr1UkDkhDlA.mp3,./data/frames/cello/Rr1UkDkhDlA.mp4,1256
./data/audio/acoustic_guitar/M3dekVSwNjY.mp3,./data/frames/acoustic_guitar/M3dekVSwNjY.mp4,1580
./data/audio/tuba/43N29koKyPo.mp3,./data/frames/tuba/43N29koKyPo.mp4,290
./data/audio/acoustic_guitar_violin/os3aGWhaxhY.mp3,./data/frames/acoustic_guitar_violin/os3aGWhaxhY.mp4,2632
./data/audio/accordion/STtGADifdUw.mp3,./data/frames/accordion/STtGADifdUw.mp4,691
./data/audio/tuba/4CTkB84ukfY.mp3,./data/frames/tuba/4CTkB84ukfY.mp4,324
./data/audio/acoustic_guitar/RgB3wzNVZyY.mp3,./data/frames/acoustic_guitar/RgB3wzNVZyY.mp4,797
./data/audio/acoustic_guitar_violin/i53jcmLQESI.mp3,./data/frames/acoustic_guitar_violin/i53jcmLQESI.mp4,2713
./data/audio/cello/CSKOEhh5nBk.mp3,./data/frames/cello/CSKOEhh5nBk.mp4,1416
./data/audio/clarinet_acoustic_guitar/S3ZIb96M6Ag.mp3,./data/frames/clarinet_acoustic_guitar/S3ZIb96M6Ag.mp4,1562
./data/audio/clarinet/U6iN9QcIp7I.mp3,./data/frames/clarinet/U6iN9QcIp7I.mp4,659
./data/audio/flute_violin/AP-vB4w_7Ag.mp3,./data/frames/flute_violin/AP-vB4w_7Ag.mp4,1744
./data/audio/violin/rxr5tTH8_mM.mp3,./data/frames/violin/rxr5tTH8_mM.mp4,1824
./data/audio/accordion/nQpXK7PS-oo.mp3,./data/frames/accordion/nQpXK7PS-oo.mp4,605
./data/audio/acoustic_guitar_violin/pjxx5crznwM.mp3,./data/frames/acoustic_guitar_violin/pjxx5crznwM.mp4,2078
./data/audio/saxophone/OxA5Z_5-w0E.mp3,./data/frames/saxophone/OxA5Z_5-w0E.mp4,1429
./data/audio/accordion/1mCi6eWXVbg.mp3,./data/frames/accordion/1mCi6eWXVbg.mp4,988
./data/audio/acoustic_guitar/TzbeCt4_LFc.mp3,./data/frames/acoustic_guitar/TzbeCt4_LFc.mp4,1724
./data/audio/flute/wEzEcfz1QS0.mp3,./data/frames/flute/wEzEcfz1QS0.mp4,1337
./data/audio/xylophone/Lp9rAMPaqLQ.mp3,./data/frames/xylophone/Lp9rAMPaqLQ.mp4,1735
./data/audio/trumpet/sPtLTnsCgMY.mp3,./data/frames/trumpet/sPtLTnsCgMY.mp4,167
./data/audio/acoustic_guitar_violin/XgU1dc7eys0.mp3,./data/frames/acoustic_guitar_violin/XgU1dc7eys0.mp4,1047
./data/audio/acoustic_guitar_violin/HmIPqgiaW24.mp3,./data/frames/acoustic_guitar_violin/HmIPqgiaW24.mp4,2009
./data/audio/flute/UD2SYltnnlY.mp3,./data/frames/flute/UD2SYltnnlY.mp4,1664
./data/audio/tuba/UNFwNbFdiTI.mp3,./data/frames/tuba/UNFwNbFdiTI.mp4,703
./data/audio/flute_violin/Ua1zhXvO6Dk.mp3,./data/frames/flute_violin/Ua1zhXvO6Dk.mp4,2209
./data/audio/xylophone/JbGvqve_JH0.mp3,./data/frames/xylophone/JbGvqve_JH0.mp4,1061
./data/audio/tuba/WSRAO6abxog.mp3,./data/frames/tuba/WSRAO6abxog.mp4,681
./data/audio/cello/VlIcqDWmPkw.mp3,./data/frames/cello/VlIcqDWmPkw.mp4,1511
./data/audio/tuba/W9VsprvJQAM.mp3,./data/frames/tuba/W9VsprvJQAM.mp4,828
./data/audio/clarinet/2D5nT67CIRw.mp3,./data/frames/clarinet/2D5nT67CIRw.mp4,896
./data/audio/trumpet_tuba/Zqg4DwXmYBI.mp3,./data/frames/trumpet_tuba/Zqg4DwXmYBI.mp4,355
./data/audio/clarinet/WnUAJsk97k4.mp3,./data/frames/clarinet/WnUAJsk97k4.mp4,1020
./data/audio/clarinet/0IRJ75zgcAY.mp3,./data/frames/clarinet/0IRJ75zgcAY.mp4,1421
./data/audio/flute/BhXj3rVWGZ0.mp3,./data/frames/flute/BhXj3rVWGZ0.mp4,1144
./data/audio/violin/cMYr693e3Eo.mp3,./data/frames/violin/cMYr693e3Eo.mp4,464
./data/audio/trumpet/ZRpsKMe5dSg.mp3,./data/frames/trumpet/ZRpsKMe5dSg.mp4,880
./data/audio/violin/-_jlqeSs6ZU.mp3,./data/frames/violin/-_jlqeSs6ZU.mp4,613
./data/audio/violin/kuNep98Fd8o.mp3,./data/frames/violin/kuNep98Fd8o.mp4,1374
./data/audio/violin/yXKJiqOuvkA.mp3,./data/frames/violin/yXKJiqOuvkA.mp4,1127
./data/audio/acoustic_guitar/KOt3oARDH9I.mp3,./data/frames/acoustic_guitar/KOt3oARDH9I.mp4,1113
./data/audio/flute/d5IO46KfjR4.mp3,./data/frames/flute/d5IO46KfjR4.mp4,789
./data/audio/cello/_oUTOskOwXs.mp3,./data/frames/cello/_oUTOskOwXs.mp4,771
./data/audio/acoustic_guitar/MhNjhYrEbrc.mp3,./data/frames/acoustic_guitar/MhNjhYrEbrc.mp4,1492
./data/audio/cello_acoustic_guitar/N1HwJvvYyoo.mp3,./data/frames/cello_acoustic_guitar/N1HwJvvYyoo.mp4,1511
./data/audio/xylophone/GezwOJW568A.mp3,./data/frames/xylophone/GezwOJW568A.mp4,244
./data/audio/flute_trumpet/8Oy-rsKES5I.mp3,./data/frames/flute_trumpet/8Oy-rsKES5I.mp4,1347
./data/audio/clarinet_acoustic_guitar/5GWxV8I21AQ.mp3,./data/frames/clarinet_acoustic_guitar/5GWxV8I21AQ.mp4,1441
./data/audio/clarinet/TKN7q-aEwZw.mp3,./data/frames/clarinet/TKN7q-aEwZw.mp4,1278
./data/audio/saxophone_acoustic_guitar/5GpXUu8cz1c.mp3,./data/frames/saxophone_acoustic_guitar/5GpXUu8cz1c.mp4,1244
./data/audio/flute/cyUUlWSEujk.mp3,./data/frames/flute/cyUUlWSEujk.mp4,320
./data/audio/tuba/_idF1Hf3-CI.mp3,./data/frames/tuba/_idF1Hf3-CI.mp4,1801
./data/audio/accordion/0N26WnKiCIg.mp3,./data/frames/accordion/0N26WnKiCIg.mp4,1073
./data/audio/trumpet/zJIt_KdE3Jc.mp3,./data/frames/trumpet/zJIt_KdE3Jc.mp4,342
./data/audio/cello/R6M2LLmUg1k.mp3,./data/frames/cello/R6M2LLmUg1k.mp4,892
./data/audio/tuba/35TPV7_D7do.mp3,./data/frames/tuba/35TPV7_D7do.mp4,205
./data/audio/xylophone/No-IJw4uWMw.mp3,./data/frames/xylophone/No-IJw4uWMw.mp4,1487
./data/audio/tuba/4AsWvRTLPWI.mp3,./data/frames/tuba/4AsWvRTLPWI.mp4,298
./data/audio/trumpet/eCQO6k5Qrmg.mp3,./data/frames/trumpet/eCQO6k5Qrmg.mp4,509
./data/audio/flute/1fhZ3iBeK2g.mp3,./data/frames/flute/1fhZ3iBeK2g.mp4,940
./data/audio/clarinet_acoustic_guitar/NLooa9XHDMc.mp3,./data/frames/clarinet_acoustic_guitar/NLooa9XHDMc.mp4,2215
./data/audio/acoustic_guitar/30BRN7-KOG4.mp3,./data/frames/acoustic_guitar/30BRN7-KOG4.mp4,1757
./data/audio/accordion/PohzBumrY2Q.mp3,./data/frames/accordion/PohzBumrY2Q.mp4,1606
./data/audio/acoustic_guitar/At63FPRHLAo.mp3,./data/frames/acoustic_guitar/At63FPRHLAo.mp4,1756
./data/audio/erhu/-5MipMQ25cU.mp3,./data/frames/erhu/-5MipMQ25cU.mp4,982
./data/audio/clarinet/IFEP8Z5Qos0.mp3,./data/frames/clarinet/IFEP8Z5Qos0.mp4,207
./data/audio/erhu/JEDgAVcR_yE.mp3,./data/frames/erhu/JEDgAVcR_yE.mp4,315
./data/audio/violin/K1LRscO7TSw.mp3,./data/frames/violin/K1LRscO7TSw.mp4,1563
./data/audio/acoustic_guitar_violin/bsorCgLZkkA.mp3,./data/frames/acoustic_guitar_violin/bsorCgLZkkA.mp4,1392
./data/audio/saxophone_acoustic_guitar/-qbAJMQBoX4.mp3,./data/frames/saxophone_acoustic_guitar/-qbAJMQBoX4.mp4,1727
./data/audio/erhu/BBIENSA_GkE.mp3,./data/frames/erhu/BBIENSA_GkE.mp4,469
./data/audio/cello/3N1KAaBJkwU.mp3,./data/frames/cello/3N1KAaBJkwU.mp4,645
./data/audio/violin/CaeZoHNHul0.mp3,./data/frames/violin/CaeZoHNHul0.mp4,1395
./data/audio/accordion/MnoQccPJbyM.mp3,./data/frames/accordion/MnoQccPJbyM.mp4,1890
./data/audio/cello/TBngVoy_GrE.mp3,./data/frames/cello/TBngVoy_GrE.mp4,878
./data/audio/saxophone/LqyX7bRrMTw.mp3,./data/frames/saxophone/LqyX7bRrMTw.mp4,851
./data/audio/xylophone/oQJVBH6ST7o.mp3,./data/frames/xylophone/oQJVBH6ST7o.mp4,1570
./data/audio/flute_trumpet/U4RSnhRVUR0.mp3,./data/frames/flute_trumpet/U4RSnhRVUR0.mp4,1081
./data/audio/flute/unRA0xR-XWc.mp3,./data/frames/flute/unRA0xR-XWc.mp4,745
./data/audio/tuba/DVrCy36Uigo.mp3,./data/frames/tuba/DVrCy36Uigo.mp4,940
./data/audio/clarinet/82pGU0POQSM.mp3,./data/frames/clarinet/82pGU0POQSM.mp4,726
./data/audio/tuba/ZtVxXYObmOQ.mp3,./data/frames/tuba/ZtVxXYObmOQ.mp4,1707
./data/audio/saxophone/P5pxcBdxa4E.mp3,./data/frames/saxophone/P5pxcBdxa4E.mp4,281
./data/audio/flute_trumpet/E_8W7f9ZZpY.mp3,./data/frames/flute_trumpet/E_8W7f9ZZpY.mp4,994
./data/audio/trumpet/nZ4HNz9xvSw.mp3,./data/frames/trumpet/nZ4HNz9xvSw.mp4,579
./data/audio/acoustic_guitar/8LU-kq19V3Y.mp3,./data/frames/acoustic_guitar/8LU-kq19V3Y.mp4,743
./data/audio/acoustic_guitar/ZeQPNWdFs_4.mp3,./data/frames/acoustic_guitar/ZeQPNWdFs_4.mp4,1684
./data/audio/cello/NhkPpOvrtz0.mp3,./data/frames/cello/NhkPpOvrtz0.mp4,1169
./data/audio/tuba/6pkShdDe9LU.mp3,./data/frames/tuba/6pkShdDe9LU.mp4,166
./data/audio/acoustic_guitar/Eaq914E77oY.mp3,./data/frames/acoustic_guitar/Eaq914E77oY.mp4,1130
./data/audio/cello/SyToSKUxgKs.mp3,./data/frames/cello/SyToSKUxgKs.mp4,1368
./data/audio/xylophone/McMd-s4XpZk.mp3,./data/frames/xylophone/McMd-s4XpZk.mp4,607
./data/audio/saxophone/lm51ySOO71o.mp3,./data/frames/saxophone/lm51ySOO71o.mp4,638
./data/audio/flute_violin/P-B8ooirjHE.mp3,./data/frames/flute_violin/P-B8ooirjHE.mp4,1403
./data/audio/acoustic_guitar_violin/sTo7AxrWIHE.mp3,./data/frames/acoustic_guitar_violin/sTo7AxrWIHE.mp4,2037
./data/audio/cello_acoustic_guitar/K_U5-GbPgi0.mp3,./data/frames/cello_acoustic_guitar/K_U5-GbPgi0.mp4,1918
./data/audio/xylophone/NdzCe7COROw.mp3,./data/frames/xylophone/NdzCe7COROw.mp4,1761
./data/audio/flute/WNeHlya4VnQ.mp3,./data/frames/flute/WNeHlya4VnQ.mp4,739
./data/audio/clarinet_acoustic_guitar/nTMJTm6tqoY.mp3,./data/frames/clarinet_acoustic_guitar/nTMJTm6tqoY.mp4,2646
./data/audio/accordion/qMFYRw0uZ_E.mp3,./data/frames/accordion/qMFYRw0uZ_E.mp4,1775
./data/audio/acoustic_guitar/XdoR3Mw217M.mp3,./data/frames/acoustic_guitar/XdoR3Mw217M.mp4,1695
./data/audio/flute/cZoWhKTZTYY.mp3,./data/frames/flute/cZoWhKTZTYY.mp4,470
./data/audio/acoustic_guitar/PY3pK0Guf2Y.mp3,./data/frames/acoustic_guitar/PY3pK0Guf2Y.mp4,604
./data/audio/saxophone_acoustic_guitar/lMQVRb2mz44.mp3,./data/frames/saxophone_acoustic_guitar/lMQVRb2mz44.mp4,1029
./data/audio/cello/XS_dSmZ0xbw.mp3,./data/frames/cello/XS_dSmZ0xbw.mp4,1872
./data/audio/saxophone_acoustic_guitar/Y4Imlvn7la8.mp3,./data/frames/saxophone_acoustic_guitar/Y4Imlvn7la8.mp4,2576
./data/audio/cello/Mff3pp-Fj2w.mp3,./data/frames/cello/Mff3pp-Fj2w.mp4,800
./data/audio/erhu/37HdHAzJrOQ.mp3,./data/frames/erhu/37HdHAzJrOQ.mp4,1309
./data/audio/flute/cTO_2R81fdY.mp3,./data/frames/flute/cTO_2R81fdY.mp4,712
./data/audio/clarinet/X3GbAKww1KI.mp3,./data/frames/clarinet/X3GbAKww1KI.mp4,537
./data/audio/flute/8o5ngxZaYYw.mp3,./data/frames/flute/8o5ngxZaYYw.mp4,688
./data/audio/clarinet_acoustic_guitar/AIcISC49phE.mp3,./data/frames/clarinet_acoustic_guitar/AIcISC49phE.mp4,2157
./data/audio/cello_acoustic_guitar/m_sKRr_n1NE.mp3,./data/frames/cello_acoustic_guitar/m_sKRr_n1NE.mp4,1726
./data/audio/tuba/HQveyGmUBSs.mp3,./data/frames/tuba/HQveyGmUBSs.mp4,1107
./data/audio/cello/-oe-KptPGnY.mp3,./data/frames/cello/-oe-KptPGnY.mp4,730
./data/audio/xylophone/6I846oP0E7Q.mp3,./data/frames/xylophone/6I846oP0E7Q.mp4,1566
./data/audio/accordion/7G6QVPCHv6Q.mp3,./data/frames/accordion/7G6QVPCHv6Q.mp4,1412
./data/audio/erhu/YLTpkQqX_ek.mp3,./data/frames/erhu/YLTpkQqX_ek.mp4,593
./data/audio/violin/P4KxMdjna0k.mp3,./data/frames/violin/P4KxMdjna0k.mp4,945
./data/audio/clarinet_acoustic_guitar/iffYeAAUQ1o.mp3,./data/frames/clarinet_acoustic_guitar/iffYeAAUQ1o.mp4,1734
./data/audio/erhu/Vq0eH1uUvXc.mp3,./data/frames/erhu/Vq0eH1uUvXc.mp4,1412
./data/audio/acoustic_guitar/HGlIImajcRI.mp3,./data/frames/acoustic_guitar/HGlIImajcRI.mp4,1568
./data/audio/clarinet_acoustic_guitar/GOYQXO-DJcg.mp3,./data/frames/clarinet_acoustic_guitar/GOYQXO-DJcg.mp4,1617
./data/audio/violin/-tY40Ev8IzE.mp3,./data/frames/violin/-tY40Ev8IzE.mp4,1412
./data/audio/xylophone/894n_sDSEc0.mp3,./data/frames/xylophone/894n_sDSEc0.mp4,1046
./data/audio/acoustic_guitar/AszMf9QGxug.mp3,./data/frames/acoustic_guitar/AszMf9QGxug.mp4,1647
./data/audio/accordion/bq5utI8KK_8.mp3,./data/frames/accordion/bq5utI8KK_8.mp4,866
./data/audio/violin/X2gQ8Jnk2P8.mp3,./data/frames/violin/X2gQ8Jnk2P8.mp4,1051
./data/audio/tuba/8sgzGhxw-tM.mp3,./data/frames/tuba/8sgzGhxw-tM.mp4,1028
./data/audio/saxophone_acoustic_guitar/aIUPFTDzj5g.mp3,./data/frames/saxophone_acoustic_guitar/aIUPFTDzj5g.mp4,933
./data/audio/flute/D5gWhSH7jRU.mp3,./data/frames/flute/D5gWhSH7jRU.mp4,893
./data/audio/saxophone/xyi0Ft3sb0U.mp3,./data/frames/saxophone/xyi0Ft3sb0U.mp4,481
./data/audio/violin/ySFS1KgXerA.mp3,./data/frames/violin/ySFS1KgXerA.mp4,1524
./data/audio/clarinet_acoustic_guitar/apGScvWeLaE.mp3,./data/frames/clarinet_acoustic_guitar/apGScvWeLaE.mp4,1439
./data/audio/cello/_Nr58vTAIkw.mp3,./data/frames/cello/_Nr58vTAIkw.mp4,1293
./data/audio/saxophone/8U4tYnLtuzk.mp3,./data/frames/saxophone/8U4tYnLtuzk.mp4,1314
./data/audio/violin/XlvlHfWjKx4.mp3,./data/frames/violin/XlvlHfWjKx4.mp4,1342
./data/audio/saxophone/geK-gOMgm20.mp3,./data/frames/saxophone/geK-gOMgm20.mp4,327
./data/audio/accordion/MKSTzG114d0.mp3,./data/frames/accordion/MKSTzG114d0.mp4,534
./data/audio/saxophone_acoustic_guitar/WkY638E5wy8.mp3,./data/frames/saxophone_acoustic_guitar/WkY638E5wy8.mp4,3095
./data/audio/cello/DPSLdZBaQTM.mp3,./data/frames/cello/DPSLdZBaQTM.mp4,1740
./data/audio/clarinet/cZ9-NYYmhXw.mp3,./data/frames/clarinet/cZ9-NYYmhXw.mp4,1437
./data/audio/acoustic_guitar/1XfdURNeY6s.mp3,./data/frames/acoustic_guitar/1XfdURNeY6s.mp4,1651
./data/audio/trumpet/iqyw0xR5Wf0.mp3,./data/frames/trumpet/iqyw0xR5Wf0.mp4,963
./data/audio/acoustic_guitar/72yB-xyIcGI.mp3,./data/frames/acoustic_guitar/72yB-xyIcGI.mp4,1783
./data/audio/flute/tAuYNf2hqHU.mp3,./data/frames/flute/tAuYNf2hqHU.mp4,810
./data/audio/acoustic_guitar_violin/o7YS-fzv5_k.mp3,./data/frames/acoustic_guitar_violin/o7YS-fzv5_k.mp4,1151
./data/audio/erhu/-7l7M6vMm1k.mp3,./data/frames/erhu/-7l7M6vMm1k.mp4,720
./data/audio/acoustic_guitar_violin/-7WIMBTTvZs.mp3,./data/frames/acoustic_guitar_violin/-7WIMBTTvZs.mp4,1942
./data/audio/saxophone_acoustic_guitar/hslVlYk0WEc.mp3,./data/frames/saxophone_acoustic_guitar/hslVlYk0WEc.mp4,1082
./data/audio/xylophone/Jd5heRezP5s.mp3,./data/frames/xylophone/Jd5heRezP5s.mp4,894
./data/audio/saxophone/uPkGEtn5jxE.mp3,./data/frames/saxophone/uPkGEtn5jxE.mp4,1494
./data/audio/trumpet/PYjwNew61XQ.mp3,./data/frames/trumpet/PYjwNew61XQ.mp4,928
./data/audio/trumpet/ZFp0yw9Dxcw.mp3,./data/frames/trumpet/ZFp0yw9Dxcw.mp4,302
./data/audio/accordion/_jPFkOkNjuo.mp3,./data/frames/accordion/_jPFkOkNjuo.mp4,534
./data/audio/clarinet/LPqBkF5NVSQ.mp3,./data/frames/clarinet/LPqBkF5NVSQ.mp4,1078
./data/audio/saxophone_acoustic_guitar/9MOG4aV-qNU.mp3,./data/frames/saxophone_acoustic_guitar/9MOG4aV-qNU.mp4,2060
./data/audio/xylophone/qLLwSb9YX5g.mp3,./data/frames/xylophone/qLLwSb9YX5g.mp4,260
./data/audio/acoustic_guitar/YwDABKyGY_g.mp3,./data/frames/acoustic_guitar/YwDABKyGY_g.mp4,736
./data/audio/trumpet/zhaLSfnahL0.mp3,./data/frames/trumpet/zhaLSfnahL0.mp4,472
./data/audio/flute/oEb2mlij38w.mp3,./data/frames/flute/oEb2mlij38w.mp4,337
./data/audio/accordion/A2p8VW61RGc.mp3,./data/frames/accordion/A2p8VW61RGc.mp4,721
./data/audio/erhu/GtQixP8bAk8.mp3,./data/frames/erhu/GtQixP8bAk8.mp4,1028
./data/audio/erhu/HGqEtp1wpyc.mp3,./data/frames/erhu/HGqEtp1wpyc.mp4,1095
./data/audio/accordion/Y5EwbTgIswk.mp3,./data/frames/accordion/Y5EwbTgIswk.mp4,1620
./data/audio/flute/jW_AuF6dQYY.mp3,./data/frames/flute/jW_AuF6dQYY.mp4,558
./data/audio/acoustic_guitar_violin/03I00k9J8_E.mp3,./data/frames/acoustic_guitar_violin/03I00k9J8_E.mp4,4351
./data/audio/acoustic_guitar/XYizxH7yAqA.mp3,./data/frames/acoustic_guitar/XYizxH7yAqA.mp4,857
./data/audio/violin/GysCM0WBZzM.mp3,./data/frames/violin/GysCM0WBZzM.mp4,677
./data/audio/tuba/LUZf782HzNo.mp3,./data/frames/tuba/LUZf782HzNo.mp4,1290
./data/audio/flute/3-zT9mN8Lio.mp3,./data/frames/flute/3-zT9mN8Lio.mp4,505
./data/audio/accordion/c7Jyu_OiEB0.mp3,./data/frames/accordion/c7Jyu_OiEB0.mp4,684
./data/audio/accordion/PMDSfAZ4-eo.mp3,./data/frames/accordion/PMDSfAZ4-eo.mp4,1833
./data/audio/xylophone/-XAsXmbExkE.mp3,./data/frames/xylophone/-XAsXmbExkE.mp4,1044
./data/audio/accordion/Ct-SQmiA31s.mp3,./data/frames/accordion/Ct-SQmiA31s.mp4,166
./data/audio/acoustic_guitar/FoOVn7MACAE.mp3,./data/frames/acoustic_guitar/FoOVn7MACAE.mp4,1785
./data/audio/accordion/7C-udYVfjoY.mp3,./data/frames/accordion/7C-udYVfjoY.mp4,1038
./data/audio/accordion/iB17xqmFw3A.mp3,./data/frames/accordion/iB17xqmFw3A.mp4,1586
./data/audio/xylophone/5lm9laLSORc.mp3,./data/frames/xylophone/5lm9laLSORc.mp4,1452
./data/audio/clarinet_acoustic_guitar/x9TgjVZPZbM.mp3,./data/frames/clarinet_acoustic_guitar/x9TgjVZPZbM.mp4,1174
./data/audio/trumpet/aavW-tx8daw.mp3,./data/frames/trumpet/aavW-tx8daw.mp4,705
./data/audio/accordion/RRjph7N4hvk.mp3,./data/frames/accordion/RRjph7N4hvk.mp4,1274
./data/audio/flute/j0U_hqIH_XM.mp3,./data/frames/flute/j0U_hqIH_XM.mp4,1176
./data/audio/saxophone_acoustic_guitar/gOsW2AVyjyc.mp3,./data/frames/saxophone_acoustic_guitar/gOsW2AVyjyc.mp4,1798
./data/audio/erhu/BB6a5BPpbFs.mp3,./data/frames/erhu/BB6a5BPpbFs.mp4,1420
./data/audio/xylophone/lVpWbUIW0gY.mp3,./data/frames/xylophone/lVpWbUIW0gY.mp4,767
./data/audio/trumpet/rZYf9Dl8ew0.mp3,./data/frames/trumpet/rZYf9Dl8ew0.mp4,409
./data/audio/clarinet/eIqVZuyPu2U.mp3,./data/frames/clarinet/eIqVZuyPu2U.mp4,478
./data/audio/acoustic_guitar_violin/ZVcWGHRPcP8.mp3,./data/frames/acoustic_guitar_violin/ZVcWGHRPcP8.mp4,2185
./data/audio/flute/SMp2-xo1lZE.mp3,./data/frames/flute/SMp2-xo1lZE.mp4,458
./data/audio/accordion/cp_0VICDDSc.mp3,./data/frames/accordion/cp_0VICDDSc.mp4,1095
./data/audio/cello/-Gdh8N_KpLY.mp3,./data/frames/cello/-Gdh8N_KpLY.mp4,1677
./data/audio/xylophone/BwDQ9VIW74Q.mp3,./data/frames/xylophone/BwDQ9VIW74Q.mp4,729
./data/audio/erhu/GH8dcVpkhc0.mp3,./data/frames/erhu/GH8dcVpkhc0.mp4,1306
./data/audio/xylophone/QoFHDWgxD9w.mp3,./data/frames/xylophone/QoFHDWgxD9w.mp4,1299
./data/audio/acoustic_guitar_violin/WDJYj3SvUlw.mp3,./data/frames/acoustic_guitar_violin/WDJYj3SvUlw.mp4,1591
./data/audio/tuba/8EU0xM-pQOI.mp3,./data/frames/tuba/8EU0xM-pQOI.mp4,312
./data/audio/clarinet_acoustic_guitar/BbPsU29zD1U.mp3,./data/frames/clarinet_acoustic_guitar/BbPsU29zD1U.mp4,1344
./data/audio/erhu/AOAE4euXbEc.mp3,./data/frames/erhu/AOAE4euXbEc.mp4,1215
./data/audio/accordion/4jGq3kfsJpg.mp3,./data/frames/accordion/4jGq3kfsJpg.mp4,469
./data/audio/clarinet_acoustic_guitar/7kbgi9oNEi0.mp3,./data/frames/clarinet_acoustic_guitar/7kbgi9oNEi0.mp4,2630
./data/audio/saxophone_acoustic_guitar/RfTCdZEqWcg.mp3,./data/frames/saxophone_acoustic_guitar/RfTCdZEqWcg.mp4,946
./data/audio/violin/ZFuLPm6-kVw.mp3,./data/frames/violin/ZFuLPm6-kVw.mp4,290
./data/audio/flute_trumpet/JDV3yiF-6DU.mp3,./data/frames/flute_trumpet/JDV3yiF-6DU.mp4,604
./data/audio/violin/QqKlMPzQj7k.mp3,./data/frames/violin/QqKlMPzQj7k.mp4,798
./data/audio/tuba/C3s60zFIPTs.mp3,./data/frames/tuba/C3s60zFIPTs.mp4,1335
./data/audio/acoustic_guitar/PDohhCaNf98.mp3,./data/frames/acoustic_guitar/PDohhCaNf98.mp4,1826
./data/audio/accordion/-DlGdZNAsxA.mp3,./data/frames/accordion/-DlGdZNAsxA.mp4,1529
./data/audio/xylophone/XmjMGVv3TLk.mp3,./data/frames/xylophone/XmjMGVv3TLk.mp4,878
./data/audio/xylophone/EHKq3-zwphs.mp3,./data/frames/xylophone/EHKq3-zwphs.mp4,956
./data/audio/saxophone/9XoXQXCVUQY.mp3,./data/frames/saxophone/9XoXQXCVUQY.mp4,504
./data/audio/violin/2ZxAVUsuE4Y.mp3,./data/frames/violin/2ZxAVUsuE4Y.mp4,751
./data/audio/erhu/EJ-dXyKrSKA.mp3,./data/frames/erhu/EJ-dXyKrSKA.mp4,1232
./data/audio/erhu/6d0tmb28kV4.mp3,./data/frames/erhu/6d0tmb28kV4.mp4,454
./data/audio/acoustic_guitar/26HLgXWF-Co.mp3,./data/frames/acoustic_guitar/26HLgXWF-Co.mp4,1263
./data/audio/acoustic_guitar/X4UWEifacwI.mp3,./data/frames/acoustic_guitar/X4UWEifacwI.mp4,1789
./data/audio/erhu/MTyf4utLlJk.mp3,./data/frames/erhu/MTyf4utLlJk.mp4,1703
./data/audio/trumpet/ZuJEVqon3lM.mp3,./data/frames/trumpet/ZuJEVqon3lM.mp4,485
./data/audio/saxophone_acoustic_guitar/wzNBinIsa3c.mp3,./data/frames/saxophone_acoustic_guitar/wzNBinIsa3c.mp4,1302
./data/audio/violin/VtZXRWtp5G0.mp3,./data/frames/violin/VtZXRWtp5G0.mp4,516
./data/audio/violin/KG-tXicVpsg.mp3,./data/frames/violin/KG-tXicVpsg.mp4,1335
./data/audio/acoustic_guitar/9bEbuj4Qb3I.mp3,./data/frames/acoustic_guitar/9bEbuj4Qb3I.mp4,694
./data/audio/xylophone_flute/h2oiK1-8U5U.mp3,./data/frames/xylophone_flute/h2oiK1-8U5U.mp4,3174
./data/audio/cello/M3YZEmQyt6c.mp3,./data/frames/cello/M3YZEmQyt6c.mp4,1666
./data/audio/clarinet_acoustic_guitar/ddDdNq1a01M.mp3,./data/frames/clarinet_acoustic_guitar/ddDdNq1a01M.mp4,3372
./data/audio/saxophone_acoustic_guitar/-HLTNgdajqw.mp3,./data/frames/saxophone_acoustic_guitar/-HLTNgdajqw.mp4,1618
./data/audio/tuba/5Ru90VkovhM.mp3,./data/frames/tuba/5Ru90VkovhM.mp4,1012
./data/audio/tuba/InzjAr8VdvY.mp3,./data/frames/tuba/InzjAr8VdvY.mp4,346
./data/audio/cello/4Oy5VmaacaI.mp3,./data/frames/cello/4Oy5VmaacaI.mp4,1207
./data/audio/acoustic_guitar/Czn6lg--pRw.mp3,./data/frames/acoustic_guitar/Czn6lg--pRw.mp4,1587
./data/audio/accordion/6hQHOZNwfRs.mp3,./data/frames/accordion/6hQHOZNwfRs.mp4,1304
./data/audio/accordion/kCMA0wi7i6Y.mp3,./data/frames/accordion/kCMA0wi7i6Y.mp4,1061
./data/audio/tuba/1owUN7YXSzE.mp3,./data/frames/tuba/1owUN7YXSzE.mp4,683
./data/audio/accordion/1oz3h9doX_g.mp3,./data/frames/accordion/1oz3h9doX_g.mp4,1105
./data/audio/saxophone_acoustic_guitar/ywH4K8mQ-1s.mp3,./data/frames/saxophone_acoustic_guitar/ywH4K8mQ-1s.mp4,627
./data/audio/clarinet/iLeEWSC2M2U.mp3,./data/frames/clarinet/iLeEWSC2M2U.mp4,461
./data/audio/tuba/JRPtROMynA8.mp3,./data/frames/tuba/JRPtROMynA8.mp4,503
./data/audio/acoustic_guitar/Y-dpHbPGQWE.mp3,./data/frames/acoustic_guitar/Y-dpHbPGQWE.mp4,1871
./data/audio/flute_violin/_9aFrft67Zw.mp3,./data/frames/flute_violin/_9aFrft67Zw.mp4,8256
./data/audio/cello_acoustic_guitar/wgpwadsv5YQ.mp3,./data/frames/cello_acoustic_guitar/wgpwadsv5YQ.mp4,1769
./data/audio/xylophone/5p7L6Ufypuk.mp3,./data/frames/xylophone/5p7L6Ufypuk.mp4,171
./data/audio/clarinet/ZXz0cVq_RTI.mp3,./data/frames/clarinet/ZXz0cVq_RTI.mp4,492
./data/audio/xylophone/GF-3c8hBi9I.mp3,./data/frames/xylophone/GF-3c8hBi9I.mp4,1537
./data/audio/accordion/2WZsNZrbt6w.mp3,./data/frames/accordion/2WZsNZrbt6w.mp4,1379
./data/audio/flute/Wt40rzyGSBs.mp3,./data/frames/flute/Wt40rzyGSBs.mp4,875
./data/audio/cello/ZcKsPFZG4_0.mp3,./data/frames/cello/ZcKsPFZG4_0.mp4,1092
./data/audio/violin/lp4_79ooAQo.mp3,./data/frames/violin/lp4_79ooAQo.mp4,766
./data/audio/saxophone_acoustic_guitar/jXyE0gq1upc.mp3,./data/frames/saxophone_acoustic_guitar/jXyE0gq1upc.mp4,1544
./data/audio/xylophone/fhzqzm0dYuE.mp3,./data/frames/xylophone/fhzqzm0dYuE.mp4,1257
./data/audio/erhu/Mdryqvk0UH0.mp3,./data/frames/erhu/Mdryqvk0UH0.mp4,277
./data/audio/xylophone/loCRmBvtHZ4.mp3,./data/frames/xylophone/loCRmBvtHZ4.mp4,1181
./data/audio/cello_acoustic_guitar/y0WB29MJJgQ.mp3,./data/frames/cello_acoustic_guitar/y0WB29MJJgQ.mp4,1451
./data/audio/saxophone/NLGte2YC6Oc.mp3,./data/frames/saxophone/NLGte2YC6Oc.mp4,1153
./data/audio/clarinet/DS500VD8YDg.mp3,./data/frames/clarinet/DS500VD8YDg.mp4,1649
./data/audio/cello/2R12lQszz90.mp3,./data/frames/cello/2R12lQszz90.mp4,1176
./data/audio/accordion/Z_yNLFYjpsY.mp3,./data/frames/accordion/Z_yNLFYjpsY.mp4,845
./data/audio/trumpet/aCi1P8Rymo4.mp3,./data/frames/trumpet/aCi1P8Rymo4.mp4,705
./data/audio/erhu/1wrfS5PHbKE.mp3,./data/frames/erhu/1wrfS5PHbKE.mp4,802
./data/audio/cello/QZEkGj9m1qs.mp3,./data/frames/cello/QZEkGj9m1qs.mp4,773
./data/audio/clarinet_acoustic_guitar/za84Zws-5gY.mp3,./data/frames/clarinet_acoustic_guitar/za84Zws-5gY.mp4,2419
./data/audio/flute/MvPqp3oZwOk.mp3,./data/frames/flute/MvPqp3oZwOk.mp4,541
./data/audio/flute/tfcNUo8qjrA.mp3,./data/frames/flute/tfcNUo8qjrA.mp4,1029
./data/audio/erhu/0VyVd_QUCl8.mp3,./data/frames/erhu/0VyVd_QUCl8.mp4,1160
./data/audio/clarinet_acoustic_guitar/hL2HmLVK8-Y.mp3,./data/frames/clarinet_acoustic_guitar/hL2HmLVK8-Y.mp4,1751
./data/audio/saxophone_acoustic_guitar/_u-pz6i3iDY.mp3,./data/frames/saxophone_acoustic_guitar/_u-pz6i3iDY.mp4,1964
./data/audio/acoustic_guitar/2CcXQsF06Xo.mp3,./data/frames/acoustic_guitar/2CcXQsF06Xo.mp4,1220
./data/audio/clarinet/23DDVbzSig8.mp3,./data/frames/clarinet/23DDVbzSig8.mp4,521
./data/audio/acoustic_guitar/DvbeXXoraro.mp3,./data/frames/acoustic_guitar/DvbeXXoraro.mp4,1159
./data/audio/violin/8mDNLCo1McQ.mp3,./data/frames/violin/8mDNLCo1McQ.mp4,881
./data/audio/trumpet/jl4iDbOsrJM.mp3,./data/frames/trumpet/jl4iDbOsrJM.mp4,490
./data/audio/acoustic_guitar/HPyM9xzrih0.mp3,./data/frames/acoustic_guitar/HPyM9xzrih0.mp4,1064
./data/audio/acoustic_guitar_violin/WeeRb3LMb8E.mp3,./data/frames/acoustic_guitar_violin/WeeRb3LMb8E.mp4,1097
./data/audio/acoustic_guitar_violin/4zpGMEalJHk.mp3,./data/frames/acoustic_guitar_violin/4zpGMEalJHk.mp4,1310
./data/audio/cello/XI7Fx7rJt4I.mp3,./data/frames/cello/XI7Fx7rJt4I.mp4,489
./data/audio/cello/Rj5XJO5T8PY.mp3,./data/frames/cello/Rj5XJO5T8PY.mp4,1043
./data/audio/acoustic_guitar/MVZGmcXU2D8.mp3,./data/frames/acoustic_guitar/MVZGmcXU2D8.mp4,1645
./data/audio/erhu/DLTK2_UyrDI.mp3,./data/frames/erhu/DLTK2_UyrDI.mp4,673
./data/audio/accordion/fful4o8CIW8.mp3,./data/frames/accordion/fful4o8CIW8.mp4,741
./data/audio/erhu/HwVslStJE6U.mp3,./data/frames/erhu/HwVslStJE6U.mp4,314
./data/audio/trumpet/8jxZMGYbQIw.mp3,./data/frames/trumpet/8jxZMGYbQIw.mp4,618
./data/audio/acoustic_guitar_violin/vEOyhF8KLPE.mp3,./data/frames/acoustic_guitar_violin/vEOyhF8KLPE.mp4,1357
./data/audio/violin/-UoFXtE2eqk.mp3,./data/frames/violin/-UoFXtE2eqk.mp4,1882
./data/audio/tuba/AKNt1SF-5VA.mp3,./data/frames/tuba/AKNt1SF-5VA.mp4,782
./data/audio/acoustic_guitar_violin/Sllno_P7l8M.mp3,./data/frames/acoustic_guitar_violin/Sllno_P7l8M.mp4,2558
./data/audio/cello/S86qStDAz3A.mp3,./data/frames/cello/S86qStDAz3A.mp4,974
./data/audio/accordion/Q-Jkk6mJ8AI.mp3,./data/frames/accordion/Q-Jkk6mJ8AI.mp4,818
./data/audio/flute/SAN5JBTnlas.mp3,./data/frames/flute/SAN5JBTnlas.mp4,451
./data/audio/tuba/S9ES30JJTZc.mp3,./data/frames/tuba/S9ES30JJTZc.mp4,488
./data/audio/clarinet/GQGBzVaDTmM.mp3,./data/frames/clarinet/GQGBzVaDTmM.mp4,689
./data/audio/acoustic_guitar/OBbmnUIJQDQ.mp3,./data/frames/acoustic_guitar/OBbmnUIJQDQ.mp4,807
./data/audio/accordion/UYp3dKioAao.mp3,./data/frames/accordion/UYp3dKioAao.mp4,1265
./data/audio/violin/HyD1g1KDoEE.mp3,./data/frames/violin/HyD1g1KDoEE.mp4,1759
./data/audio/flute/kbTy_5o6AB4.mp3,./data/frames/flute/kbTy_5o6AB4.mp4,965
./data/audio/clarinet_acoustic_guitar/xkq-VyAzFHc.mp3,./data/frames/clarinet_acoustic_guitar/xkq-VyAzFHc.mp4,1026
./data/audio/clarinet_acoustic_guitar/za7phW3V0xE.mp3,./data/frames/clarinet_acoustic_guitar/za7phW3V0xE.mp4,1666
./data/audio/flute/eHbxLcoLWYY.mp3,./data/frames/flute/eHbxLcoLWYY.mp4,702
./data/audio/accordion/ZoE25YHTGDQ.mp3,./data/frames/accordion/ZoE25YHTGDQ.mp4,1019
./data/audio/erhu/2D2ALfuqDpk.mp3,./data/frames/erhu/2D2ALfuqDpk.mp4,682
./data/audio/cello/PEyIPSlJNQM.mp3,./data/frames/cello/PEyIPSlJNQM.mp4,1286
./data/audio/flute_violin/XbOYpwFkn7o.mp3,./data/frames/flute_violin/XbOYpwFkn7o.mp4,790
./data/audio/violin/WjwOm5pJlI0.mp3,./data/frames/violin/WjwOm5pJlI0.mp4,810
./data/audio/cello/WVeheJFHQS4.mp3,./data/frames/cello/WVeheJFHQS4.mp4,1661
./data/audio/violin/85KcVDCQLfc.mp3,./data/frames/violin/85KcVDCQLfc.mp4,1278
./data/audio/acoustic_guitar_violin/4EWZakWPgrk.mp3,./data/frames/acoustic_guitar_violin/4EWZakWPgrk.mp4,1362
./data/audio/acoustic_guitar_violin/mcEO4R0FLpw.mp3,./data/frames/acoustic_guitar_violin/mcEO4R0FLpw.mp4,1187
./data/audio/clarinet_acoustic_guitar/bowjUDJsWq8.mp3,./data/frames/clarinet_acoustic_guitar/bowjUDJsWq8.mp4,788
./data/audio/acoustic_guitar/7SPnwtQkUb4.mp3,./data/frames/acoustic_guitar/7SPnwtQkUb4.mp4,1829
./data/audio/violin/9kwbEUqCNbU.mp3,./data/frames/violin/9kwbEUqCNbU.mp4,1000
./data/audio/saxophone_acoustic_guitar/1vZ-IKkcPL4.mp3,./data/frames/saxophone_acoustic_guitar/1vZ-IKkcPL4.mp4,774
./data/audio/saxophone_acoustic_guitar/7baQOJtiFMc.mp3,./data/frames/saxophone_acoustic_guitar/7baQOJtiFMc.mp4,457
./data/audio/tuba/V9NILCtoTkc.mp3,./data/frames/tuba/V9NILCtoTkc.mp4,424
./data/audio/acoustic_guitar/1TBxNBIUx3o.mp3,./data/frames/acoustic_guitar/1TBxNBIUx3o.mp4,991
./data/audio/tuba/ASUUqMvTdjg.mp3,./data/frames/tuba/ASUUqMvTdjg.mp4,314
./data/audio/erhu/ZMM_u1Bk0SI.mp3,./data/frames/erhu/ZMM_u1Bk0SI.mp4,541
./data/audio/saxophone/x5Bzb6R73JQ.mp3,./data/frames/saxophone/x5Bzb6R73JQ.mp4,681
./data/audio/flute/X8rR0SV_BhU.mp3,./data/frames/flute/X8rR0SV_BhU.mp4,1213
./data/audio/clarinet_acoustic_guitar/NihlZckO34o.mp3,./data/frames/clarinet_acoustic_guitar/NihlZckO34o.mp4,810
./data/audio/erhu/HOUBn-wHcwQ.mp3,./data/frames/erhu/HOUBn-wHcwQ.mp4,1085
./data/audio/trumpet/ds0ayqYweAc.mp3,./data/frames/trumpet/ds0ayqYweAc.mp4,264
./data/audio/erhu/P6mSuuTzYxk.mp3,./data/frames/erhu/P6mSuuTzYxk.mp4,1340
./data/audio/erhu/0oKi3ARn640.mp3,./data/frames/erhu/0oKi3ARn640.mp4,1155
./data/audio/xylophone_acoustic_guitar/59Pfv-0CFMA.mp3,./data/frames/xylophone_acoustic_guitar/59Pfv-0CFMA.mp4,743
./data/audio/flute/BO7_8o4QSr4.mp3,./data/frames/flute/BO7_8o4QSr4.mp4,306
./data/audio/xylophone/L_ErwglZCJM.mp3,./data/frames/xylophone/L_ErwglZCJM.mp4,536
./data/audio/erhu/MJgy2-QJxmE.mp3,./data/frames/erhu/MJgy2-QJxmE.mp4,355
./data/audio/cello/2ARPm0djKIk.mp3,./data/frames/cello/2ARPm0djKIk.mp4,1757
./data/audio/acoustic_guitar/44FPny8k4DM.mp3,./data/frames/acoustic_guitar/44FPny8k4DM.mp4,1901
./data/audio/acoustic_guitar/PA8DVnECfh0.mp3,./data/frames/acoustic_guitar/PA8DVnECfh0.mp4,1509
./data/audio/erhu/3XAn8BHmtKg.mp3,./data/frames/erhu/3XAn8BHmtKg.mp4,1449
./data/audio/xylophone/KPTyodoU2ng.mp3,./data/frames/xylophone/KPTyodoU2ng.mp4,1513
./data/audio/clarinet/TREfn2OfujU.mp3,./data/frames/clarinet/TREfn2OfujU.mp4,426
./data/audio/violin/YK94q0Fwquc.mp3,./data/frames/violin/YK94q0Fwquc.mp4,297
./data/audio/flute/3q104tR3k2Q.mp3,./data/frames/flute/3q104tR3k2Q.mp4,960
./data/audio/saxophone/R700Q9DEUEk.mp3,./data/frames/saxophone/R700Q9DEUEk.mp4,722
./data/audio/acoustic_guitar_violin/BI7SMfb-sek.mp3,./data/frames/acoustic_guitar_violin/BI7SMfb-sek.mp4,1097
./data/audio/violin/MeAWoVYCPL8.mp3,./data/frames/violin/MeAWoVYCPL8.mp4,1742
./data/audio/acoustic_guitar/ZvLT_J9Uv4o.mp3,./data/frames/acoustic_guitar/ZvLT_J9Uv4o.mp4,523
./data/audio/erhu/P_dHPMofcwM.mp3,./data/frames/erhu/P_dHPMofcwM.mp4,671
./data/audio/violin/ZgGEuzLZw2E.mp3,./data/frames/violin/ZgGEuzLZw2E.mp4,774
./data/audio/cello/VYkZb7F4zKo.mp3,./data/frames/cello/VYkZb7F4zKo.mp4,1355
./data/audio/accordion/yy2vL2RUiPI.mp3,./data/frames/accordion/yy2vL2RUiPI.mp4,894
./data/audio/trumpet_tuba/o3a6F070Xt0.mp3,./data/frames/trumpet_tuba/o3a6F070Xt0.mp4,780
./data/audio/tuba/C952gmBlkIU.mp3,./data/frames/tuba/C952gmBlkIU.mp4,1239
./data/audio/cello/7RRqeIUqXPs.mp3,./data/frames/cello/7RRqeIUqXPs.mp4,1532
./data/audio/trumpet/2gk-IN35s5I.mp3,./data/frames/trumpet/2gk-IN35s5I.mp4,815
./data/audio/flute/7Zudy1bw7bw.mp3,./data/frames/flute/7Zudy1bw7bw.mp4,1520
./data/audio/erhu/I5IYfx7ontI.mp3,./data/frames/erhu/I5IYfx7ontI.mp4,1388
./data/audio/cello_acoustic_guitar/6KbXiT12LQ8.mp3,./data/frames/cello_acoustic_guitar/6KbXiT12LQ8.mp4,1079
./data/audio/violin/9dOqmTMqp1k.mp3,./data/frames/violin/9dOqmTMqp1k.mp4,786
./data/audio/erhu/Us9dxgfBfeo.mp3,./data/frames/erhu/Us9dxgfBfeo.mp4,1376
./data/audio/acoustic_guitar_violin/h61TbdGR7Rk.mp3,./data/frames/acoustic_guitar_violin/h61TbdGR7Rk.mp4,897
./data/audio/clarinet_acoustic_guitar/VUXyjq1bw_Y.mp3,./data/frames/clarinet_acoustic_guitar/VUXyjq1bw_Y.mp4,4175
./data/audio/clarinet_acoustic_guitar/lhGc6mbcfek.mp3,./data/frames/clarinet_acoustic_guitar/lhGc6mbcfek.mp4,1516
./data/audio/acoustic_guitar_violin/B7vaxJhgCQE.mp3,./data/frames/acoustic_guitar_violin/B7vaxJhgCQE.mp4,2688
./data/audio/trumpet/g1sNdUDTfJQ.mp3,./data/frames/trumpet/g1sNdUDTfJQ.mp4,553
./data/audio/acoustic_guitar/8rcClHLysvU.mp3,./data/frames/acoustic_guitar/8rcClHLysvU.mp4,1225
./data/audio/violin/-L5Bo-mWKCI.mp3,./data/frames/violin/-L5Bo-mWKCI.mp4,384
./data/audio/saxophone_acoustic_guitar/3U7_tVUZYT0.mp3,./data/frames/saxophone_acoustic_guitar/3U7_tVUZYT0.mp4,1154
./data/audio/trumpet/6G78knF3eFk.mp3,./data/frames/trumpet/6G78knF3eFk.mp4,379
./data/audio/cello/MUalqwUFrPs.mp3,./data/frames/cello/MUalqwUFrPs.mp4,1738
./data/audio/cello/MCftKtqmH1A.mp3,./data/frames/cello/MCftKtqmH1A.mp4,1126
./data/audio/clarinet/W9ZICrM6V-s.mp3,./data/frames/clarinet/W9ZICrM6V-s.mp4,364
./data/audio/trumpet/S1iKARDRvX4.mp3,./data/frames/trumpet/S1iKARDRvX4.mp4,174
./data/audio/accordion/OIBq0bBziuw.mp3,./data/frames/accordion/OIBq0bBziuw.mp4,1182
./data/audio/violin/vYr0vft28Tg.mp3,./data/frames/violin/vYr0vft28Tg.mp4,1328
./data/audio/flute/hYepU4PQFAo.mp3,./data/frames/flute/hYepU4PQFAo.mp4,459
./data/audio/accordion/KC2RgtW4IZ0.mp3,./data/frames/accordion/KC2RgtW4IZ0.mp4,566
./data/audio/clarinet/focoWBYg16w.mp3,./data/frames/clarinet/focoWBYg16w.mp4,1194
./data/audio/cello/EtP6JBWtd7s.mp3,./data/frames/cello/EtP6JBWtd7s.mp4,1484
./data/audio/trumpet/Ba4ajAm0VDI.mp3,./data/frames/trumpet/Ba4ajAm0VDI.mp4,571
./data/audio/accordion/Oytzh19NE6w.mp3,./data/frames/accordion/Oytzh19NE6w.mp4,1429
./data/audio/violin/MfzC4e3nD4I.mp3,./data/frames/violin/MfzC4e3nD4I.mp4,1392
./data/audio/flute_violin/k3371a9MXsI.mp3,./data/frames/flute_violin/k3371a9MXsI.mp4,1403
./data/audio/tuba/Aibr0BCz-Yk.mp3,./data/frames/tuba/Aibr0BCz-Yk.mp4,1463
./data/audio/flute_violin/RWP6BHh_c7Y.mp3,./data/frames/flute_violin/RWP6BHh_c7Y.mp4,884
./data/audio/xylophone_acoustic_guitar/pIPr-lp0C6E.mp3,./data/frames/xylophone_acoustic_guitar/pIPr-lp0C6E.mp4,421
./data/audio/saxophone/TSEWnnKagqQ.mp3,./data/frames/saxophone/TSEWnnKagqQ.mp4,1002
./data/audio/acoustic_guitar/Pzf9MQKkoNM.mp3,./data/frames/acoustic_guitar/Pzf9MQKkoNM.mp4,1110
./data/audio/xylophone/DGn7xcsxMPk.mp3,./data/frames/xylophone/DGn7xcsxMPk.mp4,1032
./data/audio/acoustic_guitar/2lJh-6TYdX8.mp3,./data/frames/acoustic_guitar/2lJh-6TYdX8.mp4,764
./data/audio/tuba/SDR39fhyZRI.mp3,./data/frames/tuba/SDR39fhyZRI.mp4,832
./data/audio/flute_violin/Vxe4R5qqEPI.mp3,./data/frames/flute_violin/Vxe4R5qqEPI.mp4,2230
./data/audio/erhu/Lv2vc_8CZLc.mp3,./data/frames/erhu/Lv2vc_8CZLc.mp4,1288
./data/audio/violin/-5CDUnGu3jA.mp3,./data/frames/violin/-5CDUnGu3jA.mp4,1657
./data/audio/flute/sybsjsj1zPo.mp3,./data/frames/flute/sybsjsj1zPo.mp4,1702
./data/audio/accordion/q4kscRK91y4.mp3,./data/frames/accordion/q4kscRK91y4.mp4,939
./data/audio/cello/CjNKUiFHUC8.mp3,./data/frames/cello/CjNKUiFHUC8.mp4,1750
./data/audio/acoustic_guitar_violin/j97FUC5-hpY.mp3,./data/frames/acoustic_guitar_violin/j97FUC5-hpY.mp4,1196
./data/audio/cello/VdFnyZWJAgo.mp3,./data/frames/cello/VdFnyZWJAgo.mp4,1744
./data/audio/clarinet_acoustic_guitar/HihdcTYa-8k.mp3,./data/frames/clarinet_acoustic_guitar/HihdcTYa-8k.mp4,1717
./data/audio/acoustic_guitar/1OsOEt5Qpfc.mp3,./data/frames/acoustic_guitar/1OsOEt5Qpfc.mp4,1249
./data/audio/violin/6uqTP6obYNM.mp3,./data/frames/violin/6uqTP6obYNM.mp4,450
./data/audio/tuba/GPh_9jtWub8.mp3,./data/frames/tuba/GPh_9jtWub8.mp4,568
./data/audio/erhu/GgZOTwwD39Y.mp3,./data/frames/erhu/GgZOTwwD39Y.mp4,1850
./data/audio/acoustic_guitar_violin/jr-coZHlWl8.mp3,./data/frames/acoustic_guitar_violin/jr-coZHlWl8.mp4,1691
./data/audio/cello/Lq3671NhNZk.mp3,./data/frames/cello/Lq3671NhNZk.mp4,1256
./data/audio/acoustic_guitar_violin/LkYqVl7YNTs.mp3,./data/frames/acoustic_guitar_violin/LkYqVl7YNTs.mp4,1921
./data/audio/xylophone/Jtq-HDS3Zdc.mp3,./data/frames/xylophone/Jtq-HDS3Zdc.mp4,690
